{
  "feed": [
    {
      "id": 1,
      "image": "https://rocketseat-cdn.s3-sa-east-1.amazonaws.com/instagram-clone/1.jpeg",
      "small": "https://rocketseat-cdn.s3-sa-east-1.amazonaws.com/instagram-clone/small/1.jpeg",
      "aspectRatio": 0.834,
      "description": "Working hard at Rocketseat!",
      "authorId": 1
    },
    {
      "id": 2,
      "image": "https://rocketseat-cdn.s3-sa-east-1.amazonaws.com/instagram-clone/2.jpeg",
      "small": "https://rocketseat-cdn.s3-sa-east-1.amazonaws.com/instagram-clone/small/2.jpeg",
      "aspectRatio": 0.834,
      "description": "Code, code and more code!",
      "authorId": 2
    },
    {
      "id": 3,
      "image": "https://rocketseat-cdn.s3-sa-east-1.amazonaws.com/instagram-clone/3.jpeg",
      "small": "https://rocketseat-cdn.s3-sa-east-1.amazonaws.com/instagram-clone/small/3.jpeg",
      "aspectRatio": 0.834,
      "description": "Rocketships fly away!",
      "authorId": 3
    },
    {
      "id": 4,
      "image": "https://rocketseat-cdn.s3-sa-east-1.amazonaws.com/instagram-clone/4.jpeg",
      "small": "https://rocketseat-cdn.s3-sa-east-1.amazonaws.com/instagram-clone/small/4.jpeg",
      "aspectRatio": 0.834,
      "description": "3, 2, 1, ready to launch!",
      "authorId": 4
    },
    {
      "id": 5,
      "image": "https://rocketseat-cdn.s3-sa-east-1.amazonaws.com/instagram-clone/5.jpeg",
      "small": "https://rocketseat-cdn.s3-sa-east-1.amazonaws.com/instagram-clone/small/5.jpeg",
      "aspectRatio": 0.834,
      "description": "Code, code and more code!",
      "authorId": 2
    },
    {
      "id": 6,
      "image": "https://rocketseat-cdn.s3-sa-east-1.amazonaws.com/instagram-clone/6.jpeg",
      "small": "https://rocketseat-cdn.s3-sa-east-1.amazonaws.com/instagram-clone/small/6.jpeg",
      "aspectRatio": 0.834,
      "description": "Node.js + ReactJS + React Native = <3",
      "authorId": 3
    },
    {
      "id": 7,
      "image": "https://rocketseat-cdn.s3-sa-east-1.amazonaws.com/instagram-clone/7.jpeg",
      "small": "https://rocketseat-cdn.s3-sa-east-1.amazonaws.com/instagram-clone/small/7.jpeg",
      "aspectRatio": 0.834,
      "description": "OmniStack to the rescue!",
      "authorId": 1
    },
    {
      "id": 8,
      "image": "https://rocketseat-cdn.s3-sa-east-1.amazonaws.com/instagram-clone/8.jpeg",
      "small": "https://rocketseat-cdn.s3-sa-east-1.amazonaws.com/instagram-clone/small/8.jpeg",
      "aspectRatio": 0.834,
      "description": "Rocketseat is cool!",
      "authorId": 2
    },
    {
      "id": 9,
      "image": "https://rocketseat-cdn.s3-sa-east-1.amazonaws.com/instagram-clone/9.jpeg",
      "small": "https://rocketseat-cdn.s3-sa-east-1.amazonaws.com/instagram-clone/small/9.jpeg",
      "aspectRatio": 0.834,
      "description": "Have you watched our videos at YouTube?",
      "authorId": 4
    },
    {
      "id": 10,
      "image": "https://rocketseat-cdn.s3-sa-east-1.amazonaws.com/instagram-clone/10.jpeg",
      "small": "https://rocketseat-cdn.s3-sa-east-1.amazonaws.com/instagram-clone/small/10.jpeg",
      "aspectRatio": 0.834,
      "description": "Code, code and more code!",
      "authorId": 3
    },
    {
      "id": 11,
      "image": "https://rocketseat-cdn.s3-sa-east-1.amazonaws.com/instagram-clone/11.jpeg",
      "small": "https://rocketseat-cdn.s3-sa-east-1.amazonaws.com/instagram-clone/small/11.jpeg",
      "aspectRatio": 0.834,
      "description": "Developing new great app!",
      "authorId": 1
    },
    {
      "id": 12,
      "image": "https://rocketseat-cdn.s3-sa-east-1.amazonaws.com/instagram-clone/12.jpeg",
      "small": "https://rocketseat-cdn.s3-sa-east-1.amazonaws.com/instagram-clone/small/12.jpeg",
      "aspectRatio": 0.834,
      "description": "Let's code everyday!",
      "authorId": 3
    },
    {
      "id": 13,
      "image": "https://rocketseat-cdn.s3-sa-east-1.amazonaws.com/instagram-clone/4.jpeg",
      "small": "https://rocketseat-cdn.s3-sa-east-1.amazonaws.com/instagram-clone/small/4.jpeg",
      "aspectRatio": 0.834,
      "description": "Sleep, eat, code, repeat!",
      "authorId": 2
    },
    {
      "id": 14,
      "image": "https://rocketseat-cdn.s3-sa-east-1.amazonaws.com/instagram-clone/5.jpeg",
      "small": "https://rocketseat-cdn.s3-sa-east-1.amazonaws.com/instagram-clone/small/5.jpeg",
      "aspectRatio": 0.834,
      "description": "Working hard at Rocketseat!",
      "authorId": 4
    },
    {
      "id": 15,
      "image": "https://rocketseat-cdn.s3-sa-east-1.amazonaws.com/instagram-clone/3.jpeg",
      "small": "https://rocketseat-cdn.s3-sa-east-1.amazonaws.com/instagram-clone/small/3.jpeg",
      "aspectRatio": 0.834,
      "description": "Code, code and more code!",
      "authorId": 4
    },
    {
      "id": 16,
      "image": "https://rocketseat-cdn.s3-sa-east-1.amazonaws.com/instagram-clone/2.jpeg",
      "small": "https://rocketseat-cdn.s3-sa-east-1.amazonaws.com/instagram-clone/small/2.jpeg",
      "aspectRatio": 0.834,
      "description": "Just studying some React Native stuff!",
      "authorId": 3
    },
    {
      "id": 17,
      "image": "https://rocketseat-cdn.s3-sa-east-1.amazonaws.com/instagram-clone/1.jpeg",
      "small": "https://rocketseat-cdn.s3-sa-east-1.amazonaws.com/instagram-clone/small/1.jpeg",
      "aspectRatio": 0.834,
      "description": "React Native is such a great tool by Facebook!",
      "authorId": 2
    },
    {
      "id": 18,
      "image": "https://rocketseat-cdn.s3-sa-east-1.amazonaws.com/instagram-clone/8.jpeg",
      "small": "https://rocketseat-cdn.s3-sa-east-1.amazonaws.com/instagram-clone/small/8.jpeg",
      "aspectRatio": 0.834,
      "description": "Love what you do, do what you love!",
      "authorId": 1
    },
    {
      "id": 19,
      "image": "https://rocketseat-cdn.s3-sa-east-1.amazonaws.com/instagram-clone/7.jpeg",
      "small": "https://rocketseat-cdn.s3-sa-east-1.amazonaws.com/instagram-clone/small/7.jpeg",
      "aspectRatio": 0.834,
      "description": "Code, code and more code!",
      "authorId": 2
    },
    {
      "id": 20,
      "image": "https://rocketseat-cdn.s3-sa-east-1.amazonaws.com/instagram-clone/6.jpeg",
      "small": "https://rocketseat-cdn.s3-sa-east-1.amazonaws.com/instagram-clone/small/6.jpeg",
      "aspectRatio": 0.834,
      "description": "Are you working for your dreams?",
      "authorId": 1
    }
  ],
  "authors": [
    {
      "id": 1,
      "name": "dieegosf",
      "avatar": "https://avatars0.githubusercontent.com/u/2254731?s=50&v=4"
    },
    {
      "id": 2,
      "name": "cleitonsouza",
      "avatar": "https://avatars0.githubusercontent.com/u/4669899?s=50&v=4"
    },
    {
      "id": 3,
      "name": "pellizzetti",
      "avatar": "https://avatars2.githubusercontent.com/u/16545335?s=50&v=4"
    },
    {
      "id": 4,
      "name": "jpdemagalhaes",
      "avatar": "https://avatars3.githubusercontent.com/u/7268910?s=50&v=4"
    },
    {
      "id": 5,
      "name": "jpedroschmitz",
      "avatar": "https://avatars0.githubusercontent.com/u/26466516?s=50&v=4"
    }
  ]
}